{
  "name": "AngularJS-Toaster",
  "version": "0.4.181",
  "main": [
    "toaster.js",
    "toaster.css"
  ],
  "ignore": [
    "**/.*",
    "node_modules",
    "components"
  ],
  "dependencies": {
    "angular": ">1.2.6",
    "angular-animate": ">1.2.8"
  },
  "homepage": "https://github.com/jirikavi/AngularJS-Toaster",
  "_release": "0.4.181",
  "_resolution": {
    "type": "version",
    "tag": "0.4.181",
    "commit": "772cc6335b079ccb8089fb2f44b2595d9346215d"
  },
  "_source": "https://github.com/jirikavi/AngularJS-Toaster.git",
  "_target": "~0.4.15",
  "_originalSource": "angularjs-toaster"
}